{"cameraMode":{"drawMode":0,"name":"Shaded","section":"Shading Mode"},"sceneLighting":true,"audioPlay":false,"sceneViewState":{"m_AlwaysRefresh":false,"showFog":true,"showSkybox":true,"showFlares":true,"showImageEffects":true,"showParticleSystems":true,"showVisualEffectGraphs":true,"m_FxEnabled":true},"in2DMode":false,"pivot":{"x":2.8886778354644777,"y":6.11066198348999,"z":-4.622373104095459},"rotation":{"x":-0.22819145023822785,"y":0.25909870862960818,"z":-0.06346258521080017,"w":-0.9364241361618042},"size":0.03704611957073212,"orthographic":false}